{
    "Diwali": {
      "months": [10, 11],
      "effects": {
        "asthma": 1.3,
        "burn": 2.0,
        "respiratory": 1.25,
        "accident": 1.15
      },
      "note": "Firecrackers → smoke, burns, traffic accidents"
    },
    "Holi": {
      "months": [3],
      "effects": {
        "skin_allergy": 1.4,
        "eye_infection": 1.3,
        "accident": 1.1
      },
      "note": "Colors/chemicals → skin/eye infections; celebratory crowding"
    },
    "Christmas_NewYear": {
      "months": [12, 1],
      "effects": {
        "flu": 1.25,
        "respiratory": 1.2,
        "alcohol_related_injury": 1.15
      },
      "note": "Holiday gatherings, travel, parties"
    },
    "Dussehra": {
      "months": [9, 10],
      "effects": {
        "burn": 1.3,
        "accident": 1.1
      }
    },
    "Eid": {
      "months": [4, 5, 6, 7, 8, 9, 10, 11],
      "effects": {
        "flu": 1.15,
        "respiratory": 1.1
      },
      "note": "Large prayers/gatherings (dates vary by lunar calendar)"
    },
    "Ganesh_Chaturthi": {
      "months": [8, 9],
      "effects": {
        "accident": 1.1,
        "respiratory": 1.1
      },
      "note": "Processions and crowds in certain regions"
    },
    "Navratri_Durga_Puja": {
      "months": [9, 10],
      "effects": {
        "flu": 1.15,
        "respiratory": 1.1
      }
    },
    "Onam": {
      "months": [8, 9],
      "effects": {
        "food_poisoning": 1.1,
        "accident": 1.05
      }
    },
    "Pongal": {
      "months": [1],
      "effects": {
        "burn": 1.1,
        "accident": 1.05
      }
    },
    "Raksha_Bandhan": {
      "months": [8],
      "effects": {
        "accident": 1.05
      }
    },
    "Chhath": {
      "months": [10, 11],
      "effects": {
        "water_accident": 1.2,
        "food_poisoning": 1.1
      }
    },
    "Monsoon_Season": {
      "months": [6, 7, 8, 9],
      "effects": {
        "dengue": 2.0,
        "malaria": 1.8,
        "waterborne": 1.5,
        "slip_fall": 1.25,
        "road_accident": 1.2
      },
      "note": "Standing water → vector breeding; slippery roads"
    },
    "Winter_Season": {
      "months": [12, 1, 2],
      "effects": {
        "flu": 1.4,
        "pneumonia": 1.3,
        "asthma": 1.15
      },
      "note": "Cold months → respiratory illness rise"
    },
    "Summer_Heat": {
      "months": [4, 5, 6],
      "effects": {
        "heatstroke": 1.6,
        "dehydration": 1.5
      }
    },
    "IPL_Season": {
      "months": [3, 4, 5],
      "effects": {
        "injury": 1.3,
        "sprain": 1.3,
        "fracture": 1.1
      },
      "note": "Local cricket activity + crowded viewing events"
    },
    "Cricket_World_Cup": {
      "years": [2023, 2027, 2031],
      "months": [10, 11],
      "effects": {
        "injury": 1.2,
        "flu": 1.1
      }
    },
    "FIFA_World_CUP": {
      "years": [2018, 2022, 2026, 2030],
      "effects": {
        "flu": 1.15,
        "injury": 1.1
      }
    },
    "Local_Holidays_Weekends": {
      "weekdays": [5,6],
      "effects": {
        "local_sports_injury": 1.15
      },
      "note": "Weekend local play increases minor sports injuries"
    }
  }
  